geno,Area,Perimeter,Width_mid_height,Width_widest,Height_min_width,Height_highest,Fruit_Shape_Index1,Fruit_Shape_Index2,Fruit_Shape_Triangle,Circular,Shoulder_height,Proximal_angle,pop
F2_1,2734.7748,207.7211,64.0556,64.6271,46.0693,53.2924,0.8249,0.7202,1.2487,0.9199,0.097,222.783,7
F2_2,3427.1726,233.3637,71.3264,72.3424,53.0384,58.9756,0.8152,0.7439,1.3188,0.9276,0.0812,214.7027,7
F2_3,3106.2634,222.8596,69.2513,70.3761,47.6976,54.7007,0.7771,0.6885,1.3114,0.9007,0.0993,220.1109,7
F2_5,3041.5953,222.6219,69.7774,70.358,44.9036,53.5577,0.7608,0.6431,1.1979,0.8716,0.1214,220.938,7
F2_6,2874.7886,216.0015,65.5955,66.929,46.6725,53.848,0.805,0.7119,1.3548,0.9158,0.0994,224.61,7
F2_7,2918.349,216.5117,66.9653,67.7817,47.4799,53.4489,0.7887,0.7095,1.325,0.9109,0.0914,218.2494,7
F2_8,3100.7579,219.4334,69.723,70.2627,47.6726,54.3878,0.7746,0.6845,1.2303,0.8987,0.1054,220.8487,7
F2_9,2426.346,193.4561,56.8166,57.5786,49.022,52.6098,0.914,0.8633,1.3337,0.9767,0.0544,210.8473,7
F2_10,2854.8048,213.6459,64.2779,65.024,48.7839,54.3084,0.8365,0.7606,1.2504,0.9376,0.0733,217.9661,7
F2_11,2776.3769,211.0158,62.5747,63.373,50.0924,54.5919,0.862,0.8013,1.3312,0.9547,0.0671,214.404,7
F2_12,2350.8864,192.2251,56.9119,57.7533,46.4185,50.7683,0.8791,0.816,1.3354,0.9599,0.0648,212.0483,7
F2_13,2458.2269,194.2016,57.4199,58.3565,48.5299,52.0859,0.8925,0.8453,1.3814,0.9679,0.052,208.0946,7
F2_14,3477.7742,234.0913,72.0453,72.771,51.7616,59.2727,0.8147,0.7188,1.2454,0.9189,0.0989,221.2854,7
F2_15,2661.957,203.8538,61.5527,62.2088,49.3607,53.721,0.8632,0.8015,1.3695,0.9506,0.0676,211.61,7
F2_16,2283.0761,187.4936,59.2296,59.6424,42.037,46.9106,0.7865,0.7098,1.2561,0.9071,0.0889,216.6289,7
F2_17,2016.4153,172.7009,51.2128,51.6255,45.1644,48.0695,0.9341,0.8857,1.2886,0.9779,0.0494,207.9894,7
F2_18,2087.2478,178.0129,54.61,55.2291,42.7355,47.0376,0.8516,0.7828,1.2448,0.9503,0.0628,211.9367,7
F2_19,3383.8823,227.0388,71.501,72.0249,52.4986,58.0549,0.8062,0.7345,1.208,0.9258,0.0784,214.9138,7
F2_20,2104.6502,180.538,55.0091,55.6623,41.3657,46.9356,0.8432,0.752,1.3261,0.9394,0.102,223.8842,7
F2_21,2814.7229,211.6357,67.056,67.8603,44.45,51.816,0.7634,0.6631,1.3775,0.8785,0.1243,226.308,7
F2_22,2776.9864,211.528,65.5743,66.1247,46.3762,51.562,0.7798,0.7075,1.2629,0.9093,0.08,215.7452,7
F2_23,2331.5414,193.0017,58.928,59.7807,41.9463,48.4233,0.8108,0.7125,1.2919,0.9178,0.106,225.5168,7
F2_24,2622.8657,204.2299,63.3004,63.7903,44.3593,50.8363,0.7971,0.701,1.2206,0.9114,0.0946,221.0494,7
F2_25,2187.9876,181.3433,56.0705,56.8007,44.196,47.8473,0.8426,0.7887,1.3266,0.947,0.0606,208.3054,7
F2_26,2340.9746,192.9271,59.8351,60.1436,42.0007,47.8971,0.7979,0.7033,1.2348,0.912,0.0977,222.7679,7
F2_27,3028.6042,219.174,68.9187,69.5113,47.371,54.2925,0.7811,0.6878,1.2561,0.8993,0.1114,221.5107,7
F2_28,2302.5821,188.8812,57.8485,58.4359,44.6722,49.0061,0.8393,0.7736,1.2904,0.9421,0.0683,207.1121,7
F2_29,2540.2631,202.2161,64.4049,65.024,41.5449,48.7363,0.7496,0.6451,1.2887,0.87,0.1314,226.1074,7
F2_30,2732.9849,205.7709,63.754,64.2366,45.6946,53.2384,0.8286,0.7166,1.0648,0.9206,0.1075,227.4489,7
F2_31,3421.0375,237.57,75.4221,75.9936,45.5771,56.8166,0.7476,0.6047,1.2228,0.8427,0.1596,233.741,7
F2_32,1836.3633,166.8566,51.5779,51.9271,40.513,43.7832,0.8431,0.7855,1.2743,0.9491,0.0569,211.3921,7
F2_33,3250.7455,228.04,71.8344,72.5329,47.7838,56.1022,0.7737,0.6658,1.2695,0.8888,0.1201,227.2884,7
F2_34,2867.4566,211.8066,65.278,66.1035,48.514,53.8903,0.8153,0.7435,1.2971,0.9276,0.0792,216.6647,7
F2_35,2461.2753,193.8805,57.8167,58.6264,48.2441,51.8319,0.8851,0.8352,1.2468,0.9644,0.057,209.0716,7
F2_36,2705.5618,204.0647,64.0927,64.5372,46.7572,52.4298,0.813,0.7301,1.2358,0.9203,0.0868,218.1389,7
F2_37,2369.4529,188.4088,58.6264,59.2772,45.7676,49.1014,0.829,0.7813,1.2628,0.9432,0.0557,205.0963,7
F2_38,2941.372,213.4362,65.8586,67.0923,48.1511,54.4649,0.8123,0.7319,1.3414,0.9244,0.0985,223.3532,7
F2_39,2421.1645,194.7427,60.5949,61.1346,43.2117,48.8156,0.7986,0.7132,1.2843,0.9154,0.0876,218.7666,7
F2_40,2064.6451,180.8137,53.8956,55.5307,42.1957,46.7519,0.8419,0.7833,1.4525,0.9413,0.0811,218.2035,7
F2_41,2556.6461,201.8819,61.6426,62.1506,44.3071,50.4349,0.8118,0.7194,1.2124,0.9253,0.0885,223.5671,7
F2_42,2610.2713,202.0044,63.3549,64.008,45.8289,50.7637,0.7931,0.7236,1.2819,0.9139,0.071,210.6373,7
F2_43,2636.15,203.8492,63.3095,63.9763,46.0375,51.2445,0.8017,0.728,1.3116,0.9174,0.0852,216.6089,7
F2_44,2774.6332,210.5177,65.8622,66.5226,44.8818,50.8508,0.7652,0.6835,1.2552,0.8948,0.0905,218.2575,7
F2_45,2460.8781,196.9499,60.8171,61.4045,44.7675,50.165,0.8177,0.7369,1.248,0.9255,0.0841,216.8418,7
F2_46,2800.3976,211.6018,65.5955,66.3575,45.5083,52.3663,0.7892,0.6938,1.2997,0.9056,0.1147,224.876,7
F2_47,2708.1639,211.1227,66.8496,67.5799,42.2275,49.1331,0.7276,0.6323,1.2523,0.8568,0.1202,225.5153,7
F2_48,2703.6135,204.046,63.4841,63.9445,47.2916,52.1335,0.8157,0.7456,1.2594,0.9296,0.0744,213.6849,7
F2_49,2334.4469,191.9229,57.6898,58.1184,45.8946,49.7523,0.8561,0.7954,1.2158,0.9567,0.0595,213.7877,7
F2_50,2578.1174,197.6176,60.6298,61.0616,48.3616,52.4002,0.8583,0.7982,1.2472,0.9559,0.0672,212.9232,7
F2_51,2468.3055,192.473,58.8327,59.4043,48.0854,50.9587,0.8582,0.8184,1.2623,0.9602,0.045,200.5807,7
F2_52,2508.3559,195.4743,59.5471,60.1345,47.9107,51.4509,0.8559,0.805,1.1941,0.9573,0.0567,209.1615,7
F2_53,2410.0799,192.4292,59.7694,60.4996,44.4817,48.9268,0.8087,0.7444,1.2698,0.9302,0.0777,213.8321,7
F2_54,2801.0535,209.9185,66.3998,67.1618,45.1697,51.4985,0.7678,0.682,1.1776,0.8871,0.0917,216.5251,7
F2_55,2049.6894,176.8922,54.483,55.1498,41.3385,46.2121,0.8389,0.76,1.2785,0.9373,0.0846,216.8243,7
F2_56,2679.7742,201.0697,61.8067,62.2088,48.7257,52.6627,0.848,0.79,1.1722,0.9488,0.0514,205.0646,7
F2_57,2547.5251,199.6372,61.8331,62.6745,45.2596,50.7206,0.8093,0.732,1.2966,0.9232,0.0812,218.4878,7
F2_58,3556.3719,237.7027,72.771,73.7553,53.1971,60.071,0.8145,0.7311,1.3042,0.9251,0.0995,220.3876,7
F2_59,3311.8805,231.554,69.7411,71.12,51.4531,58.3293,0.82,0.7378,1.363,0.9282,0.1058,226.1667,7
F2_60,3350.7836,231.4207,69.6141,70.8297,52.832,59.2909,0.8371,0.7591,1.4094,0.9384,0.091,222.1123,7
F2_61,2723.9704,207.1462,64.1985,64.6589,46.0375,51.7208,0.8004,0.7176,1.2421,0.9201,0.0933,220.8675,7
F2_62,2336.5276,190.2247,60.7272,61.5527,42.5238,47.3922,0.7704,0.7006,1.3614,0.8941,0.0786,211.5806,7
F2_63,3049.0403,218.0922,67.9291,68.58,49.9269,55.4831,0.8091,0.7353,1.3262,0.9218,0.0824,214.5918,7
F2_64,3318.2468,227.0168,71.2289,71.8457,51.2899,57.1863,0.7962,0.7202,1.3046,0.9143,0.0885,216.6009,7
F2_65,3379.302,228.4146,71.5373,72.6803,52.07,58.6377,0.8068,0.7278,1.3798,0.9158,0.1027,221.0725,7
F2_66,2709.202,205.5439,63.8084,64.7156,47.0444,52.1426,0.8063,0.7377,1.3475,0.9225,0.0794,214.9077,7
F2_67,2699.9854,205.3198,64.7519,65.7679,46.0829,51.6527,0.7855,0.7118,1.3745,0.9036,0.0906,218.1655,7
F2_68,2335.3784,189.0851,57.3405,57.8644,46.6249,50.0856,0.8658,0.8132,1.3008,0.9584,0.0492,206.5423,7
F2_69,2668.5292,201.2494,62.3207,63.2823,47.8427,52.578,0.831,0.768,1.369,0.9372,0.0715,212.338,7
F2_70,2330.8893,190.8127,57.6943,58.8554,45.1394,50.3646,0.8558,0.7826,1.3007,0.9422,0.0787,215.7261,7
F2_71,2897.1232,212.1287,66.9653,67.3281,46.2461,53.0679,0.7881,0.6906,1.2385,0.9009,0.1137,222.5765,7
F2_72,2558.4223,198.5711,59.4995,60.3568,48.6251,53.0225,0.8788,0.8175,1.3598,0.9591,0.068,213.1098,7
F2_73,3430.3722,240.2468,76.1153,76.6022,46.1857,55.6683,0.7274,0.6077,1.2032,0.8357,0.1255,225.1594,7
F2_75,2869.2814,210.341,65.9892,66.3956,48.006,54.1274,0.8156,0.7283,1.2424,0.9199,0.097,217.4335,7
F2_76,2523.1148,198.968,60.3613,61.087,45.9377,51.7797,0.8476,0.7612,1.3334,0.9396,0.0907,221.8718,7
F2_77,3018.9248,221.1903,67.9813,69.0517,47.9879,54.7733,0.7936,0.7062,1.2949,0.9115,0.0866,220.1111,7
F2_78,2881.6141,214.3718,66.8564,67.4551,47.3529,52.5961,0.7797,0.7083,1.2585,0.9072,0.0707,213.0289,7
F2_79,2791.3055,209.8806,64.0624,64.8063,49.1127,53.975,0.8332,0.7667,1.2871,0.9382,0.0604,207.7067,7
F2_80,2890.8571,216.5944,67.9873,68.58,44.704,51.8795,0.7568,0.6575,1.2287,0.879,0.1044,222.5451,7
F2_81,2761.3513,203.968,62.7698,63.627,51.0857,53.9433,0.8479,0.8139,1.3381,0.9527,0.0439,199.7975,7
F2_82,3122.9841,223.9313,69.1134,70.2818,48.641,55.626,0.7917,0.7046,1.3897,0.9059,0.1113,224.9766,7
F2_83,3528.4906,237.4598,73.6237,74.8393,50.8907,58.8373,0.7866,0.6917,1.3527,0.8994,0.1303,224.8811,7
F2_84,3300.5805,227.8705,70.9676,71.5518,51.0286,57.4802,0.8042,0.72,1.301,0.9163,0.1005,217.99,7
F2_85,2971.865,218.2529,67.5459,68.2897,45.9014,53.848,0.7885,0.6795,1.2588,0.9003,0.1107,226.1309,7
F2_86,2489.1448,196.7114,61.7583,62.3026,43.6699,49.7477,0.7988,0.7075,1.2955,0.9109,0.1067,221.2081,7
4917_F2_1,3526.6,233.64,73.17,73.71,53.12,59.44,0.81,0.73,1.27,0.92,0.09,254.19,8
4917_F2_2,3135.77,220.11,66.06,66.85,54.1,58.72,0.88,0.82,1.34,0.96,0.07,237.09,8
4917_F2_3,2627.12,198.22,61.42,62.12,49.23,53.13,0.86,0.8,1.26,0.96,0.07,238.53,8
4917_F2_4,3347.95,228.84,72.88,73.36,47.59,55.91,0.76,0.65,1.17,0.89,0.12,246.1,8
4917_F2_5,2712.85,206.09,65.1,65.9,44.05,50.94,0.77,0.68,1.23,0.9,0.11,253.95,8
4917_F2_6,2972.49,213.9,67.31,68.07,49.05,53.82,0.79,0.73,1.24,0.92,0.08,239.3,8
4917_F2_7,3432.68,227.63,72.64,73.29,52.21,57.77,0.79,0.72,1.23,0.92,0.08,241.09,8
4917_F2_9,3059.7,218.04,68.83,70.09,47.56,54.36,0.78,0.69,1.29,0.9,0.1,256.83,8
4917_F2_10,2482.27,193.16,60.36,60.72,47.26,50.24,0.83,0.78,1.18,0.95,0.04,224.59,8
4917_F2_11,3664.84,240.73,76.72,77.39,50.34,58.98,0.76,0.66,1.2,0.88,0.11,259.45,8
4917_F2_12,2564.05,200.21,63.25,63.66,44.45,49.69,0.78,0.7,1.22,0.9,0.08,243.33,8
4917_F2_13,3729.61,242.24,76.9,77.44,51.86,58.79,0.76,0.67,1.2,0.89,0.11,249.71,8
4917_F2_14,2935.74,212.08,65.52,66.04,49.83,54.86,0.83,0.76,1.23,0.94,0.08,246.98,8
4917_F2_15,3246.77,222.33,69.95,70.6,50.69,56.67,0.8,0.73,1.26,0.92,0.1,240.12,8
4917_F2_16,3387.88,229.25,72.09,72.77,49.74,57.39,0.79,0.69,1.29,0.9,0.12,256.14,8
4917_F2_17,3089.2,216.22,67.85,68.45,50.53,55.91,0.82,0.75,1.27,0.93,0.08,244.77,8
4917_F2_18,3045.99,216.01,69.04,69.61,47.67,53.83,0.77,0.69,1.21,0.9,0.1,243.09,8
4917_F2_19,3195.04,222.35,69.66,70.45,49.53,56.59,0.8,0.71,1.31,0.91,0.12,255.12,8
4917_F2_20,3899.83,247.48,78.26,79.14,54.61,61.36,0.78,0.7,1.26,0.9,0.09,225.17,8
4917_F2_21,3769.65,242.26,72.66,74.36,57.34,64.37,0.87,0.79,1.49,0.94,0.1,247.34,8
4917_F2_22,3027.58,214.92,65.91,66.53,51.64,56.09,0.84,0.78,1.19,0.95,0.06,236.82,8
4917_F2_23,3247.59,223.59,70.58,71.29,51.1,56.17,0.79,0.73,1.3,0.91,0.08,229.59,8
4917_F2_24,2706.16,204.38,62.94,63.82,47.53,52.8,0.83,0.76,1.34,0.94,0.09,245.26,8
4917_F2_25,3642.67,242.74,76.58,77.44,49.78,58.44,0.76,0.65,1.27,0.87,0.12,260.4,8
4917_F2_26,3408.93,230.97,74.22,74.76,48.37,57.26,0.77,0.65,1.21,0.88,0.12,256.01,8
4917_F2_27,2553.24,197.32,60.79,61.45,47.97,51.88,0.85,0.79,1.24,0.95,0.06,232.62,8
4917_F2_28,2795.28,208.19,65.07,65.93,47.99,52.64,0.8,0.74,1.31,0.92,0.07,235.63,8
4917_F2_29,3270.55,225.44,70.33,71.04,50.05,57.82,0.81,0.71,1.21,0.92,0.11,246.42,8
4917_F2_30,2788.12,209.8,64.42,65.25,47.72,53.01,0.81,0.74,1.29,0.93,0.09,254.61,8
4917_F2_31,3277.76,228.53,72.22,72.82,48.21,55.69,0.76,0.67,1.24,0.89,0.1,245.14,8
4917_F2_32,3277.82,227.5,70.77,71.68,50.63,56.83,0.79,0.72,1.36,0.91,0.1,245.98,8
4917_F2_33,2577.88,199.06,63.6,64.14,45.05,50.21,0.78,0.71,1.24,0.91,0.08,238.88,8
4917_F2_34,3013.45,223.83,71.64,71.95,41.91,51.48,0.72,0.59,1.17,0.83,0.12,251.32,8
4917_F2_35,2953.55,212.91,66.91,67.39,49.34,54.37,0.81,0.74,1.24,0.93,0.08,242.17,8
4917_F2_36,3568.41,234.75,72.69,73.61,54.72,60.31,0.82,0.75,1.28,0.94,0.08,248.32,8
4917_F2_37,3453.12,240.77,76.63,77.09,44.29,55.13,0.72,0.58,1.08,0.83,0.12,269.24,8
4917_F2_38,2980.98,216.78,70.15,70.49,44.7,52.17,0.74,0.64,1.18,0.86,0.11,253.48,8
4917_F2_39,3345.1,234.38,74.96,75.37,44.1,55.72,0.74,0.59,1.1,0.83,0.14,264.54,8
4917_F2_40,2608.39,204.56,62.72,63.09,45.93,50.96,0.81,0.73,1.25,0.93,0.08,243.9,8
4917_F2_41,3427.73,230.89,72.76,73.09,51.67,58.12,0.8,0.71,1.24,0.91,0.09,247.36,8
4917_F2_42,3413.75,242.79,75.58,76.37,45.93,55.51,0.73,0.61,1.24,0.84,0.12,260.61,8
4917_F2_43,2618.35,201.17,63.01,63.45,45.91,51.39,0.81,0.73,1.22,0.92,0.08,242.93,8
4917_F2_44,2771.55,205.45,64.98,65.41,46.96,51.97,0.8,0.72,1.24,0.92,0.09,236.5,8
4917_F2_45,3209.13,225.96,71.39,71.87,48.23,55.04,0.77,0.68,1.23,0.9,0.09,248.08,8
4917_F2_46,3371.27,232.57,72.15,72.71,49.47,57.18,0.79,0.69,1.21,0.91,0.11,264.57,8
4917_F2_47,3463.56,237.05,74.64,75.31,49.78,56.99,0.76,0.67,1.21,0.88,0.1,244.31,8
4917_F2_48,2899.07,218.32,69.77,70.08,42.69,51.08,0.73,0.61,1.16,0.85,0.11,255.09,8
4917_F2_49,3196.2,225.82,71.33,71.82,48.02,54.93,0.76,0.67,1.14,0.89,0.1,255.4,8
4917_F2_50,2685.68,204.13,63.64,64.09,46.67,51.74,0.81,0.73,1.22,0.93,0.08,248.22,8
4917_F2_51,3199.56,222.99,68.71,69.31,52.21,57.39,0.83,0.76,1.29,0.94,0.08,236.21,8
4917_F2_52,2998.81,216.29,68.42,68.98,48.01,53.94,0.78,0.7,1.27,0.9,0.09,239.87,8
4917_F2_53,3219.12,224.19,67.64,68.37,53.29,58.37,0.85,0.79,1.25,0.96,0.07,245.59,8
4917_F2_54,2660.42,206,63.34,64.1,45.8,51.69,0.81,0.72,1.28,0.92,0.09,245.96,8
4917_F2_55,3558.62,238.68,76.33,76.87,48.48,56.82,0.74,0.64,1.17,0.87,0.12,258.9,8
4917_F2_56,3291.35,227.08,72.61,73.1,48.48,56.13,0.77,0.67,1.22,0.89,0.12,243.93,8
4917_F2_57,3511.42,238.38,74.5,74.93,50.59,57.86,0.77,0.68,1.25,0.9,0.1,249.84,8
4917_F2_58,2936.14,216.94,65.74,66.45,49.77,54.99,0.83,0.76,1.34,0.94,0.08,247.7,8
4917_F2_59,3315.85,228.93,72.79,73.49,49.58,56.37,0.77,0.68,1.28,0.89,0.1,237.63,8
4917_F2_60,3073.29,218.64,64.56,65.69,54.09,58.96,0.9,0.84,1.41,0.97,0.07,243.16,8
4917_F2_61,3557.79,235.98,73.55,74.47,54.36,59.56,0.8,0.74,1.33,0.92,0.07,242.63,8
4917_F2_62,3005.06,218.93,65.96,66.75,49.99,55.91,0.84,0.76,1.27,0.94,0.08,246.15,8
4917_F2_63,2936.89,219.25,68.14,68.69,46.26,53.24,0.78,0.68,1.25,0.9,0.1,244.19,8
4917_F2_64,3081.16,218.89,67.14,68.23,50.78,56.98,0.84,0.76,1.4,0.93,0.1,249.31,8
4917_F2_65,2893.01,212.16,66.82,67.45,47.55,53.05,0.79,0.71,1.26,0.91,0.08,247.23,8
4917_F2_66,2613.96,203.6,63.31,63.79,45.47,50.43,0.79,0.72,1.19,0.92,0.08,245.06,8
4917_F2_67,3044.2,217.94,69.93,70.44,46.12,53.59,0.76,0.66,1.2,0.88,0.12,254.43,8
4917_F2_68,3180.13,224.58,70.47,71.12,48.16,55.31,0.78,0.68,1.23,0.9,0.1,253.75,8
4917_F2_69,3613.55,240.55,73.85,75.14,52.85,60.63,0.81,0.72,1.38,0.91,0.1,256.24,8
4917_F2_70,3208.06,220.56,68.72,69.48,51.15,57.05,0.82,0.74,1.27,0.93,0.09,251.28,8
4917_F2_71,3350.3,230.43,71.17,71.63,51.42,58.26,0.81,0.72,1.26,0.92,0.09,249.89,8
4917_F2_72,2986.63,220.07,69.12,69.47,45.26,53.37,0.77,0.66,1.18,0.88,0.1,251.02,8
4917_F2_73,3167.5,222.38,69.61,70.45,49.77,56.02,0.8,0.72,1.3,0.91,0.1,246.49,8
4917_F2_74,3322.56,229.11,68.37,69.36,52.44,59.72,0.86,0.77,1.36,0.94,0.11,268.98,8
4917_F2_75,3166.08,225.71,70.17,70.79,49.39,55.48,0.78,0.7,1.25,0.91,0.08,254.05,8
4917_F2_76,3157.53,226.06,71.42,71.95,46.58,54.29,0.75,0.65,1.23,0.88,0.11,258.85,8
4917_F2_77,3621.7,236.49,73.09,73.99,55.1,61.36,0.83,0.75,1.29,0.93,0.08,244.13,8
4917_F2_78,3097.65,219.51,68.56,69.14,50.36,55.47,0.8,0.73,1.25,0.93,0.07,238.43,8
4917_F2_79,2923.18,214.41,67.1,67.74,48.29,53.17,0.79,0.72,1.24,0.92,0.08,232.67,8
4917_F2_80,2784.21,213.35,64.71,65.42,48.24,52.77,0.81,0.75,1.28,0.93,0.06,238.92,8
F2-87,3796.6678,249.6454,79.6766,80.391,49.5459,58.4676,0.7282,0.6229,1.2577,0.8443,0.1224,219.7318,9
F2-88,3713.7325,243.2701,76.4223,77.2954,52.1017,60.5631,0.7838,0.6826,1.3208,0.8937,0.1079,221.2648,9
F2-89,4316.195,264.2229,83.1215,83.5343,53.8639,63.6905,0.764,0.6506,1.1788,0.8785,0.1292,226.6085,9
F2-90,3836.0165,247.7214,78.7083,79.6925,51.8636,60.2615,0.7561,0.6592,1.3142,0.877,0.1228,222.29,9
F2-91,3531.8296,241.0508,75.8825,76.4223,47.6885,56.8642,0.7441,0.6285,1.2164,0.8641,0.1265,223.9372,9
F2-92,3384.1499,232.1479,73.6056,74.4401,49.1671,56.388,0.758,0.668,1.317,0.8799,0.1051,221.1636,9
F2-93,4011.9557,257.8208,79.9782,80.9149,52.6891,62.0871,0.7675,0.6588,1.2223,0.8853,0.1186,225.7901,9
F2-94,3733.7405,245.9177,76.2635,76.8191,52.0541,59.9916,0.781,0.6825,1.2089,0.9034,0.1075,221.8753,9
F2-95,3912.716,257.9888,81.2006,82.1373,49.1014,60.0869,0.7322,0.6056,1.1962,0.8306,0.1279,224.5706,9
F2-96,3076.5008,229.8559,73.6963,74.1317,39.5333,51.689,0.6982,0.5388,1.2121,0.7844,0.1305,235.1604,9
F2-97,3410.3379,238.3164,76.1524,76.8826,44.9898,55.3561,0.7208,0.5923,1.2312,0.823,0.1377,224.8435,9
F2-98,3280.3422,233.0337,74.3109,74.8506,45.466,54.2766,0.7261,0.6126,1.1155,0.8417,0.1222,225.2368,9
F2-99,3702.3676,245.3895,77.2319,77.8986,50.419,59.4043,0.7629,0.6532,1.1832,0.8764,0.1247,225.0099,9
F2-100,4498.9265,279.6479,87.4236,88.2809,52.324,64.516,0.7314,0.5997,1.2992,0.8314,0.1524,223.2562,9
F2-101,3583.39,242.7425,74.8824,75.7873,49.3395,58.4835,0.7735,0.6619,1.3068,0.887,0.1304,228.5933,9
F2-102,3219.1011,230.383,73.6177,74.0622,43.7727,53.8057,0.7265,0.5947,1.1856,0.8358,0.1509,230.9528,9
F2-103,4121.5885,256.1228,81.2074,81.915,53.4489,62.6291,0.766,0.6604,1.25,0.8812,0.1118,224.6423,9
F2-104,3343.33,234.8076,72.5011,73.66,48.7204,56.6579,0.7698,0.6732,1.3272,0.8852,0.1056,222.4109,9
F2-105,3386.1038,233.92,73.406,74.0047,48.5684,56.261,0.7602,0.662,1.256,0.8851,0.1045,220.1392,9
F2-106,3094.1269,225.542,70.0564,70.7708,47.0059,54.6576,0.7727,0.6715,1.241,0.889,0.0891,217.116,9
F2-107,3939.0425,255.9328,79.0258,79.8989,52.3399,61.9442,0.7751,0.6622,1.3151,0.8835,0.1232,229.9076,9
F2-108,3251.7052,231.4338,69.7865,71.1359,50.4508,57.9279,0.8144,0.7232,1.4036,0.9206,0.0988,222.1539,9
F2-110,3312.7958,237.533,74.549,75.2951,45.1009,55.1498,0.7328,0.6056,1.2308,0.8345,0.1346,227.1096,9
F2-112,3203.1529,228.3751,72.263,73.0885,46.101,54.6894,0.7507,0.6415,1.3267,0.8588,0.1345,228.389,9
F2-113,3395.2291,233.5462,71.8503,72.4535,51.0857,57.9914,0.8001,0.7111,1.2607,0.9146,0.0856,221.0983,9
F2-114,3621.7367,241.0551,75.1681,76.3587,52.2288,58.9439,0.7718,0.6947,1.2707,0.9015,0.0946,218.4239,9
F2-115,3434.1429,240.2738,73.2427,74.1136,49.5844,57.785,0.7797,0.6771,1.308,0.8955,0.1051,223.4623,9
F2-116,3487.0696,238.5115,74.3585,75.4539,50.8635,57.8644,0.7668,0.684,1.3572,0.8923,0.0972,219.6521,9
F2-117,3218.0097,233.2963,72.39,73.1996,45.5454,54.4354,0.7445,0.6301,1.2276,0.8564,0.1169,226.4928,9
F2-118,3825.7585,249.1294,76.5969,77.8034,53.3876,61.8172,0.7953,0.6978,1.3785,0.9034,0.1253,226.0064,9
F2-120,4061.7318,257.6767,77.5811,78.5495,55.5784,64.4207,0.8206,0.717,1.3343,0.9239,0.1198,227.0281,9
F2-121,3529.3478,240.4348,74.5649,75.0411,50.4031,58.6899,0.7821,0.6762,1.1987,0.8984,0.1021,221.7607,9
F2-122,3878.4076,250.6479,77.3113,78.0415,53.5781,62.2141,0.7973,0.6936,1.2091,0.9046,0.1137,222.0095,9
F2-123,3282.3644,229.8475,72.5964,73.9616,48.0536,55.7689,0.7546,0.662,1.3678,0.8754,0.1089,220.8478,9
F2-124,3284.2918,229.256,73.5171,73.8029,45.6247,54.6576,0.7413,0.6225,1.1949,0.8563,0.1336,226.4245,9
F2-125,3615.1077,247.647,77.1049,77.7557,48.3076,57.2452,0.7367,0.6264,1.2052,0.8609,0.1242,226.6343,9
F2-126,3275.3523,232.3048,72.2471,73.279,46.9265,55.4514,0.7572,0.6499,1.286,0.8816,0.1042,222.5137,9
F2-127,3449.3237,238.3037,73.2473,74.0886,50.7048,57.9914,0.7832,0.6931,1.2485,0.8998,0.097,220.0004,9
F2-128,3639.6258,245.0853,76.7556,77.6446,48.9903,58.674,0.7564,0.6395,1.2641,0.8667,0.1296,230.3397,9
F2-129,4104.6784,260.6479,78.359,79.375,56.8779,65.0784,0.8217,0.7278,1.3597,0.921,0.1062,224.0772,9
F2-130,4425.096,272.0448,83.4549,84.6455,55.4831,64.9764,0.7673,0.6653,1.2935,0.8844,0.1133,227.2035,9
F2-131,3585.3698,241.7191,73.279,74.0886,50.8794,59.6424,0.8053,0.695,1.2608,0.916,0.1116,227.7119,9
F2-132,4051.5625,254.9203,78.3749,79.3909,55.6419,63.6905,0.8025,0.7099,1.2134,0.9133,0.1031,223.5194,9
F2-133,3608.0452,253.2726,78.105,79.0258,46.7836,57.0071,0.7212,0.5986,1.1995,0.8346,0.1293,231.1598,9
F2-134,3607.4121,248.8864,77.2704,78.4134,47.8246,58.1479,0.7423,0.6202,1.3324,0.8469,0.1377,230.2245,9
F2-135,4213.0521,258.9677,81.407,81.9944,55.1815,63.7858,0.7785,0.6786,1.2423,0.8935,0.1042,221.3004,9
F2-136,4100.0563,258.2755,80.7357,81.6973,54.2471,63.3367,0.7757,0.6723,1.2339,0.892,0.1229,225.8814,9
F2-137,3497.6845,234.9258,74.0727,74.8189,50.7524,58.039,0.776,0.6857,1.3096,0.8985,0.0961,219.7732,9
F2-138,3542.3135,242.179,74.2156,75.5968,51.5144,58.5629,0.7752,0.6949,1.3204,0.8993,0.0937,221.4379,9
F2-139,3601.2972,244.6969,77.0573,77.7399,49.6252,58.0707,0.7477,0.6446,1.1831,0.8572,0.1151,222.8717,9
F2-140,3877.9761,255.8429,79.4544,80.6291,50.4349,60.6425,0.7523,0.6349,1.2808,0.8604,0.1272,227.8655,9
F2-141,3757.059,247.9583,77.9939,78.74,49.9745,59.8646,0.7604,0.6406,1.1956,0.8701,0.1337,228.6409,9
F2-142,3773.6356,247.061,77.9621,78.7241,50.292,60.3409,0.7673,0.6471,1.2296,0.8697,0.1511,228.2853,9
F2-143,3580.7428,240.7198,75.3427,76.0254,50.8952,59.2773,0.7811,0.6769,1.2461,0.8902,0.113,222.3324,9
F2-144,3806.315,250.9168,76.9801,77.47,52.2696,61.9216,0.8013,0.6821,1.1746,0.8928,0.1219,228.9581,9
F2-145,4186.1852,263.093,80.9308,81.6928,53.6416,63.9921,0.7839,0.6643,1.249,0.8868,0.1229,228.1698,9
F2-146,3467.11,243.2628,74.8824,75.8825,48.1489,57.3564,0.7571,0.6461,1.3287,0.8649,0.1198,228.6563,9
F2-147,3469.1644,244.1263,76.4699,77.4859,44.0849,56.1816,0.727,0.5801,1.2651,0.8143,0.1633,235.3082,9
F2-149,3840.4578,252.2592,77.4519,78.1231,51.4713,61.0326,0.7836,0.6678,1.2831,0.8888,0.1341,228.2462,9
F2-150,4645.4343,278.6278,90.5828,91.2495,51.5938,64.2938,0.7045,0.5696,1.2818,0.7997,0.1643,229.996,9
F2-151,3793.2827,244.7216,75.7079,76.5651,54.3401,62.9285,0.822,0.7183,1.2025,0.9186,0.1128,223.9836,9
F2-152,3745.4784,248.3605,78.8353,79.3115,47.4821,58.6105,0.7402,0.6035,1.1188,0.8391,0.1467,227.8814,9
F2-153,4304.3019,266.1108,84.1534,84.7408,53.0066,62.7856,0.7411,0.6301,1.2169,0.8593,0.1206,225.8044,9
F2-154,3789.0186,250.3633,75.7396,77.1684,53.0701,61.6903,0.8003,0.7018,1.3142,0.9094,0.1142,226.2023,9
F2-155,4052.6532,260.4076,80.9942,81.8039,51.8954,61.4204,0.7522,0.6422,1.2732,0.8689,0.1377,228.2588,9
F2-156,4181.3666,260.0513,81.6927,82.4706,53.467,63.4682,0.7699,0.6554,1.2495,0.8806,0.1306,228.8866,9
F2-157,2975.9134,221.4218,68.9066,69.7411,45.5204,52.705,0.7557,0.6607,1.2928,0.8799,0.1054,220.8095,9
F2-158,2853.3854,213.0674,67.437,68.0244,44.2912,52.0541,0.7665,0.6587,1.2401,0.8793,0.1253,226.9975,9
F2-159,3181.661,229.5088,71.5804,72.136,46.4502,54.5306,0.756,0.6489,1.1971,0.8711,0.11,224.5812,9
F2-160,3278.2434,238.1866,74.6284,75.0094,43.2911,54.3877,0.7261,0.5808,1.2148,0.8176,0.1576,234.1235,9
F2-161,3303.0196,235.3501,72.9774,73.6441,44.4817,56.261,0.7629,0.6093,1.1333,0.8461,0.15,237.4011,9
F2-162,3451.7229,236.0961,72.136,73.3266,50.3714,58.6899,0.8008,0.6996,1.335,0.9114,0.1204,226.8562,9
F2-163,3165.5824,229.9191,68.6594,69.723,49.0061,57.4834,0.8245,0.7141,1.3095,0.913,0.1133,228.3378,9
F2-164,2957.1554,223.2495,68.834,69.7071,45.3708,52.8796,0.7598,0.6609,1.3363,0.8784,0.1071,224.0027,9
F2-165,3362.1566,231.6344,72.517,73.7235,48.006,57.4516,0.7792,0.6618,1.3392,0.8856,0.1419,229.2477,9
F2-166,3529.4515,241.0648,74.7123,75.4924,49.911,58.8373,0.7788,0.6676,1.2632,0.8887,0.1332,231.6761,9
F2-167,3665.7286,249.7176,78.4225,79.1686,46.8948,57.277,0.7245,0.5988,1.2036,0.8383,0.1328,228.9775,9
F2-168,3128.7216,230.4694,71.2152,72.1995,45.0533,54.4036,0.7538,0.6334,1.3283,0.8645,0.1341,231.9382,9
F2-169,3120.1309,228.7413,71.247,71.9296,45.2437,54.0861,0.752,0.6355,1.1781,0.8685,0.1283,230.4555,9
F2-170,3802.6537,250.1978,78.74,79.5383,49.53,59.4904,0.7481,0.6291,1.2386,0.8596,0.1471,231.0385,9
F2-171,3871.1098,253.9542,76.7624,77.8691,52.2151,62.0123,0.7966,0.6804,1.2813,0.9042,0.1258,231.3193,9
F2-172,3556.4667,245.2081,75.8984,77.0096,48.641,57.4993,0.7468,0.641,1.3138,0.865,0.1272,226.6908,9
F2-173,3373.3904,236.4515,72.7551,73.6759,47.7361,56.7531,0.7718,0.6577,1.1998,0.8842,0.1165,226.8763,9
F2-174,3472.3459,239.5381,73.3266,74.3426,50.3714,58.8327,0.7914,0.6867,1.3069,0.9031,0.1136,226.642,9
F2-175,3216.4553,226.0687,71.0248,71.7867,48.133,56.007,0.7796,0.677,1.2685,0.8926,0.0988,220.2138,9
