Pedigree-Information,The in-depth pedigree with funnelcode 1-2...3,,,
Generation,MemberID,Female=1/Male=2/Hermaphrodite=0,MotherID,FatherID
0,1,0,0,0
0,2,0,0,0
0,3,0,0,0
1,4,0,1,2
1,5,0,1,3
1,6,0,2,3
2,7,0,4,4
2,8,0,5,5
2,9,0,6,6
Pedigree-Information,The memberID and funnelcode for each sampled individual,,,
ProgenyID,MemberID,Funnelcode,,
F2_1,7,1-2-3,,
F2_2,7,1-2-3,,
F2_3,7,1-2-3,,
F2_5,7,1-2-3,,
F2_6,7,1-2-3,,
F2_7,7,1-2-3,,
F2_8,7,1-2-3,,
F2_9,7,1-2-3,,
F2_10,7,1-2-3,,
F2_11,7,1-2-3,,
F2_12,7,1-2-3,,
F2_13,7,1-2-3,,
F2_14,7,1-2-3,,
F2_15,7,1-2-3,,
F2_16,7,1-2-3,,
F2_17,7,1-2-3,,
F2_18,7,1-2-3,,
F2_19,7,1-2-3,,
F2_20,7,1-2-3,,
F2_21,7,1-2-3,,
F2_22,7,1-2-3,,
F2_23,7,1-2-3,,
F2_24,7,1-2-3,,
F2_25,7,1-2-3,,
F2_26,7,1-2-3,,
F2_27,7,1-2-3,,
F2_28,7,1-2-3,,
F2_29,7,1-2-3,,
F2_30,7,1-2-3,,
F2_31,7,1-2-3,,
F2_32,7,1-2-3,,
F2_33,7,1-2-3,,
F2_34,7,1-2-3,,
F2_35,7,1-2-3,,
F2_36,7,1-2-3,,
F2_37,7,1-2-3,,
F2_38,7,1-2-3,,
F2_39,7,1-2-3,,
F2_40,7,1-2-3,,
F2_41,7,1-2-3,,
F2_42,7,1-2-3,,
F2_43,7,1-2-3,,
F2_44,7,1-2-3,,
F2_45,7,1-2-3,,
F2_46,7,1-2-3,,
F2_47,7,1-2-3,,
F2_48,7,1-2-3,,
F2_49,7,1-2-3,,
F2_50,7,1-2-3,,
F2_51,7,1-2-3,,
F2_52,7,1-2-3,,
F2_53,7,1-2-3,,
F2_54,7,1-2-3,,
F2_55,7,1-2-3,,
F2_56,7,1-2-3,,
F2_57,7,1-2-3,,
F2_58,7,1-2-3,,
F2_59,7,1-2-3,,
F2_60,7,1-2-3,,
F2_61,7,1-2-3,,
F2_62,7,1-2-3,,
F2_63,7,1-2-3,,
F2_64,7,1-2-3,,
F2_65,7,1-2-3,,
F2_66,7,1-2-3,,
F2_67,7,1-2-3,,
F2_68,7,1-2-3,,
F2_69,7,1-2-3,,
F2_70,7,1-2-3,,
F2_71,7,1-2-3,,
F2_72,7,1-2-3,,
F2_73,7,1-2-3,,
F2_75,7,1-2-3,,
F2_76,7,1-2-3,,
F2_77,7,1-2-3,,
F2_78,7,1-2-3,,
F2_79,7,1-2-3,,
F2_80,7,1-2-3,,
F2_81,7,1-2-3,,
F2_82,7,1-2-3,,
F2_83,7,1-2-3,,
F2_84,7,1-2-3,,
F2_85,7,1-2-3,,
F2_86,7,1-2-3,,
4917_F2_1,8,1-2-3,,
4917_F2_2,8,1-2-3,,
4917_F2_3,8,1-2-3,,
4917_F2_4,8,1-2-3,,
4917_F2_5,8,1-2-3,,
4917_F2_6,8,1-2-3,,
4917_F2_7,8,1-2-3,,
4917_F2_9,8,1-2-3,,
4917_F2_10,8,1-2-3,,
4917_F2_11,8,1-2-3,,
4917_F2_12,8,1-2-3,,
4917_F2_13,8,1-2-3,,
4917_F2_14,8,1-2-3,,
4917_F2_15,8,1-2-3,,
4917_F2_16,8,1-2-3,,
4917_F2_17,8,1-2-3,,
4917_F2_18,8,1-2-3,,
4917_F2_19,8,1-2-3,,
4917_F2_20,8,1-2-3,,
4917_F2_21,8,1-2-3,,
4917_F2_22,8,1-2-3,,
4917_F2_23,8,1-2-3,,
4917_F2_24,8,1-2-3,,
4917_F2_25,8,1-2-3,,
4917_F2_26,8,1-2-3,,
4917_F2_27,8,1-2-3,,
4917_F2_28,8,1-2-3,,
4917_F2_29,8,1-2-3,,
4917_F2_30,8,1-2-3,,
4917_F2_31,8,1-2-3,,
4917_F2_32,8,1-2-3,,
4917_F2_33,8,1-2-3,,
4917_F2_34,8,1-2-3,,
4917_F2_35,8,1-2-3,,
4917_F2_36,8,1-2-3,,
4917_F2_37,8,1-2-3,,
4917_F2_38,8,1-2-3,,
4917_F2_39,8,1-2-3,,
4917_F2_40,8,1-2-3,,
4917_F2_41,8,1-2-3,,
4917_F2_42,8,1-2-3,,
4917_F2_43,8,1-2-3,,
4917_F2_44,8,1-2-3,,
4917_F2_45,8,1-2-3,,
4917_F2_46,8,1-2-3,,
4917_F2_47,8,1-2-3,,
4917_F2_48,8,1-2-3,,
4917_F2_49,8,1-2-3,,
4917_F2_50,8,1-2-3,,
4917_F2_51,8,1-2-3,,
4917_F2_52,8,1-2-3,,
4917_F2_53,8,1-2-3,,
4917_F2_54,8,1-2-3,,
4917_F2_55,8,1-2-3,,
4917_F2_56,8,1-2-3,,
4917_F2_57,8,1-2-3,,
4917_F2_58,8,1-2-3,,
4917_F2_59,8,1-2-3,,
4917_F2_60,8,1-2-3,,
4917_F2_61,8,1-2-3,,
4917_F2_62,8,1-2-3,,
4917_F2_63,8,1-2-3,,
4917_F2_64,8,1-2-3,,
4917_F2_65,8,1-2-3,,
4917_F2_66,8,1-2-3,,
4917_F2_67,8,1-2-3,,
4917_F2_68,8,1-2-3,,
4917_F2_69,8,1-2-3,,
4917_F2_70,8,1-2-3,,
4917_F2_71,8,1-2-3,,
4917_F2_72,8,1-2-3,,
4917_F2_73,8,1-2-3,,
4917_F2_74,8,1-2-3,,
4917_F2_75,8,1-2-3,,
4917_F2_76,8,1-2-3,,
4917_F2_77,8,1-2-3,,
4917_F2_78,8,1-2-3,,
4917_F2_79,8,1-2-3,,
4917_F2_80,8,1-2-3,,
F2-87,9,1-2-3,,
F2-88,9,1-2-3,,
F2-89,9,1-2-3,,
F2-90,9,1-2-3,,
F2-91,9,1-2-3,,
F2-92,9,1-2-3,,
F2-93,9,1-2-3,,
F2-94,9,1-2-3,,
F2-95,9,1-2-3,,
F2-96,9,1-2-3,,
F2-97,9,1-2-3,,
F2-98,9,1-2-3,,
F2-99,9,1-2-3,,
F2-100,9,1-2-3,,
F2-101,9,1-2-3,,
F2-102,9,1-2-3,,
F2-103,9,1-2-3,,
F2-104,9,1-2-3,,
F2-105,9,1-2-3,,
F2-106,9,1-2-3,,
F2-107,9,1-2-3,,
F2-108,9,1-2-3,,
F2-110,9,1-2-3,,
F2-112,9,1-2-3,,
F2-113,9,1-2-3,,
F2-114,9,1-2-3,,
F2-115,9,1-2-3,,
F2-116,9,1-2-3,,
F2-117,9,1-2-3,,
F2-118,9,1-2-3,,
F2-120,9,1-2-3,,
F2-121,9,1-2-3,,
F2-122,9,1-2-3,,
F2-123,9,1-2-3,,
F2-124,9,1-2-3,,
F2-125,9,1-2-3,,
F2-126,9,1-2-3,,
F2-127,9,1-2-3,,
F2-128,9,1-2-3,,
F2-129,9,1-2-3,,
F2-130,9,1-2-3,,
F2-131,9,1-2-3,,
F2-132,9,1-2-3,,
F2-133,9,1-2-3,,
F2-134,9,1-2-3,,
F2-135,9,1-2-3,,
F2-136,9,1-2-3,,
F2-137,9,1-2-3,,
F2-138,9,1-2-3,,
F2-139,9,1-2-3,,
F2-140,9,1-2-3,,
F2-141,9,1-2-3,,
F2-142,9,1-2-3,,
F2-143,9,1-2-3,,
F2-144,9,1-2-3,,
F2-145,9,1-2-3,,
F2-146,9,1-2-3,,
F2-147,9,1-2-3,,
F2-149,9,1-2-3,,
F2-150,9,1-2-3,,
F2-151,9,1-2-3,,
F2-152,9,1-2-3,,
F2-153,9,1-2-3,,
F2-154,9,1-2-3,,
F2-155,9,1-2-3,,
F2-156,9,1-2-3,,
F2-157,9,1-2-3,,
F2-158,9,1-2-3,,
F2-159,9,1-2-3,,
F2-160,9,1-2-3,,
F2-161,9,1-2-3,,
F2-162,9,1-2-3,,
F2-163,9,1-2-3,,
F2-164,9,1-2-3,,
F2-165,9,1-2-3,,
F2-166,9,1-2-3,,
F2-167,9,1-2-3,,
F2-168,9,1-2-3,,
F2-169,9,1-2-3,,
F2-170,9,1-2-3,,
F2-171,9,1-2-3,,
F2-172,9,1-2-3,,
F2-173,9,1-2-3,,
F2-174,9,1-2-3,,
F2-175,9,1-2-3,,
