"name","chr","pos"
"SL00447",1,2.63
"SL00450",1,9.35
"SL00468",1,21.89
"SL00472",1,22.95
"SL00474",1,37.79
"SL01859",1,53.13
"SL06732",1,64.49
"SL06733",1,64.6515
"SL06737",1,65.84
"SL06740",1,65.98
"SL06741",1,66.11
"SL06749",1,66.38944
"SL00560",1,66.6246666666667
"SL00564",1,66.75
"SL01798",1,68.19
"SL00558",1,69.21
"SL00491",1,117.72
"SL00498",1,118.59
"SL00653",2,5.59
"SL01615",2,21.1
"SL01753",2,22.25
"SL00628",2,23.86
"SL00625",2,24.67
"SL06757",2,29.67
"SL00618",2,29.93
"SL06777",2,30.033
"SL06778",2,30.3974333333333
"SL00593",2,30.52
"SL00609",2,30.85
"SL06794",2,30.98
"SL06795",2,31.35
"SL06804",2,31.4676071428571
"SL06811",2,31.84
"SL00591",2,32.37
"SL06813",2,39.55
"SL06816",2,39.68
"SL00615",2,42.58
"SL06817",2,42.68
"SL06818",2,43.06
"SL06819",2,43.57
"SL06820",2,49.81
"SL06821",2,50.61
"SL06823",2,55.2866666666667
"SL00582",2,55.81
"SL06824",2,59.42
"SL00578",2,60.88
"SL00568",2,66.43
"SL00883",3,0.28
"SL00887",3,0.56
"SL00886",3,0.7
"SL00890",3,2.81
"SL00888",3,3.37
"SL00889",3,5.7
"SL01138",3,42.72
"SL01716",3,43.42
"SL00786",3,82.58
"SL00817",3,82.7605
"SL00852",3,84.92
"SL00759",3,85.091
"SL00831",3,85.33
"SL00854",3,85.44
"SL00798",3,85.78
"SL00821",3,86.26
"SL00830",3,86.46
"SL00827",3,89.55
"SL00802",3,89.72
"SL00754",3,90.68
"SL00753",3,90.9
"SL00750",3,101.46
"SL00906",4,1.83
"SL00730",4,4.74
"SL00731",4,5.49
"SL00733",4,8.51
"SL01801",4,16.1666666666667
"SL01729",4,22.46
"SL00726",4,42.98
"SL01697",4,50.11
"SL00664",4,51.45
"SL00663",4,51.61
"SL06829",4,51.75
"SL01826",4,52.24
"SL06830",4,52.39
"SL06831",4,52.57
"SL06833",4,52.75
"SL01641",4,52.96
"SL06835",4,53.44
"SL06836",4,53.67
"SL01649",4,53.84
"SL00909",4,70.55
"SL00907",4,71.2435
"SL06837",4,71.5935
"SL06841",4,71.7
"SL06848",4,74
"SL06850",4,74.2223333333333
"SL06854",4,74.3645
"SL06860",4,74.49
"SL06863",4,74.8
"SL00930",4,74.93
"SL06866",4,75.3205
"SL06869",4,75.568
"SL06871",4,75.82
"SL06872",4,76.11
"SL06873",4,76.32
"SL06876",4,76.55
"SL06881",4,76.77
"SL00919",4,77.21
"SL06891",4,77.31
"SL06895",4,77.4555
"SL06899",4,77.641
"SL06914",4,77.9
"SL06915",4,78.39
"SL00962",4,78.68
"SL00922",4,79.98
"SL00943",4,90.14
"SL00992",5,30
"SL00991",5,33.7
"SL00986",5,33.91
"SL00987",5,34.31
"SL01078",5,52.8966666666667
"SL01060",5,53.2250166666667
"SL01068",5,57
"SL01062",5,75.6
"SL00667",6,1.22
"SL00666",6,1.7235
"SL01092",6,5.99
"SL01093",6,6.4
"SL06920",6,16.69
"SL01119",6,16.9
"SL06921",6,17.31
"SL01115",6,17.45
"SL06923",6,18.28
"SL06925",6,19.19
"SL06926",6,19.42
"SL06927",6,19.77
"SL01123",6,23
"SL01147",6,28.59
"SL01128",6,29.198
"SL01142",6,31.51
"SL01130",6,32.58
"SL06929",6,32.77
"SL06931",6,32.9505
"SL06940",6,33.114
"SL06943",6,33.28
"SL06944",6,33.4153333333333
"SL06948",6,33.52
"SL06951",6,33.65
"SL06954",6,33.83
"SL06962",6,33.9586666666667
"SL06966",6,34.12
"SL00982",6,34.3745222222222
"SL06983",6,34.7419625
"SL06986",6,34.8455
"SL06989",6,47.39
"SL01172",6,53.26
"SL01534",6,66.97
"SL01223",7,1.64
"SL01222",7,2.03
"SL01221",7,19.02
"SL01207",7,28.23
"SL01196",7,42.55
"SL01192",7,53.24
"SL01190",7,55.09
"SL01188",7,65.5
"SL01234",8,17.52
"SL01237",8,17.653
"SL00701",8,61.61
"SL00690",8,61.87
"SL00681",8,62.6205
"SL01423",9,1.32
"SL01427",9,4.13
"SL01419",9,6.93
"SL01416",9,15.6
"SL01406",9,34.9966666666667
"SL01393",9,36.22
"SL01408",9,36.36
"SL01403",9,36.53
"SL01745",9,37.87
"SL01167",9,38.04
"SL01333",9,38.14
"SL01312",9,38.57
"SL00513",9,38.9683333333333
"SL00964",9,48.21
"SL01269",9,72.83
"SL01275",9,83.42
"SL01434",10,0.89
"SL01432",10,7.82
"SL00645",10,55.99
"SL00629",10,56.73
"SL00640",10,57.13
"SL00646",10,57.97
"SL00631",10,58.22
"SL00633",10,59.63
"SL01452",10,62.09
"SL01449",10,65.22
"SL01459",10,66.32
"SL01458",10,66.59
"SL01445",10,70.05
"SL01858",10,70.41
"SL01453",10,73.21
"SL01463",10,74.7
"SL01446",10,76.12
"SL00659",11,0.6
"SL00762",11,36.49
"SL00822",11,40.1
"SL01525",11,41.69
"SL01527",11,42.17
"SL01528",11,42.41
"SL01529",11,43.74
"SL01531",11,43.9
"SL01514",11,44.83
"SL01517",11,44.97
"SL01511",11,45.3125
"SL01490",11,49.3
"SL01487",11,49.56
"SL01477",11,77.94
"SL01473",11,78.33
"SL01470",11,79.44
"SL01550",12,0.46
"SL01816",12,1.82
"SL01540",12,2.3
"SL01541",12,7.64
"SL01542",12,9.37
"SL01555",12,9.93
"SL01568",12,18.77
"SL01572",12,29.19
"SL01727",12,34.5
"SL01728",12,35.93
"SL01862",12,38.75
"SL01752",12,39.23
"SL01768",12,40.64
"SL01589",12,41.26
"SL01588",12,41.46
"SL01636",12,41.574
"SL01692",12,61.34
"SL01690",12,61.64
"SL01694",12,63.08
